position,original_aa,mutant_aa,mutant_sequence,probability,label,amphipathicity,charge,hydropathicity,hydrophilicity,hydrophobicity,molecular_weight,net_hydrogen,pi,side_bulk,steric_hinderance
1,D,A,APLNPTSQL,0.22571082,MS non-inducer,0.1111,-0.2041,-0.2556,-0.4222,0.1244,940.05,-4,5.57,7.4444,0.7544
1,D,C,CPLNPTSQL,0.28286153,MS non-inducer,0.1111,-0.2498,-0.1778,-0.4778,0.0878,972.12,-4,5.5181,8.0,0.8133
1,D,E,EPLNPTSQL,0.28444275,MS non-inducer,0.3333,-1.1632,-0.8444,-0.0333,-0.0267,998.09,-5,4.05,8.3333,0.8
1,D,F,FPLNPTSQL,0.14512156,MS non-inducer,0.1111,-0.2399,-0.1444,-0.6444,0.1878,1016.15,-4,5.525,8.6667,0.8667
1,D,G,GPLNPTSQL,0.1633789,MS non-inducer,0.2222,-0.2399,-0.5,-0.3667,0.1089,926.03,-4,5.525,7.2222,0.72
1,D,H,HPLNPTSQL,0.10469043,MS non-inducer,0.3333,-0.1527,-0.8111,-0.4222,0.0111,1006.11,-3,6.7411,8.2222,0.8089
1,D,I,IPLNPTSQL,0.14463435,MS non-inducer,0.1111,-0.2399,0.0444,-0.5667,0.2089,982.13,-4,5.525,8.1111,0.8589
1,D,K,KPLNPTSQL,0.13906392,MS non-inducer,0.3333,0.7591,-0.8889,-0.0333,-0.1111,997.15,-3,8.7501,8.4444,0.8267
1,D,L,LPLNPTSQL,0.25510827,MS non-inducer,0.1111,-0.2399,-0.0333,-0.5667,0.1733,982.13,-4,5.525,8.1111,0.8556
1,D,M,MPLNPTSQL,0.3291407,MS non-inducer,0.1111,-0.4996,-0.2444,-0.5111,0.1267,1000.17,-4,5.275,8.3333,0.8267
1,D,N,NPLNPTSQL,0.21666029,MS non-inducer,0.3333,-0.2399,-0.8444,-0.3444,-0.0311,983.08,-5,5.525,8.0,0.7867
1,D,P,PPLNPTSQL,0.2818905,MS non-inducer,0.2222,-0.0415,-0.6333,-0.3667,0.0689,966.09,-4,5.955,7.8889,0.8
1,D,Q,QPLNPTSQL,0.3291407,MS non-inducer,0.3333,-0.2399,-0.8444,-0.3444,-0.0389,997.1,-5,5.525,8.3333,0.8067
1,D,R,RPLNPTSQL,0.32270187,MS non-inducer,0.3333,0.7601,-0.9556,-0.0333,-0.2256,1025.16,-3,9.75,8.6667,0.8322
1,D,S,SPLNPTSQL,0.09950996,MS non-inducer,0.3333,-0.5399,-0.5444,-0.3333,0.0356,956.05,-5,5.24,7.7778,0.7744
1,D,T,TPLNPTSQL,0.09950996,MS non-inducer,0.3333,-0.6018,-0.5333,-0.4111,0.05,970.08,-5,5.185,7.8889,0.8011
1,D,V,VPLNPTSQL,0.15011759,MS non-inducer,0.1111,-0.266,0.0111,-0.5333,0.1756,968.1,-4,5.495,7.8889,0.8267
1,D,W,WPLNPTSQL,0.31776744,MS non-inducer,0.1111,-0.2399,-0.5556,-0.7444,0.1456,1055.18,-3,5.525,9.4444,0.9033
1,D,Y,YPLNPTSQL,0.30552867,MS non-inducer,0.1111,-0.2409,-0.6,-0.6222,0.0844,1032.15,-4,5.5243,8.6667,0.8644
2,P,A,DALNPTSQL,0.32644752,MS non-inducer,0.2222,-1.2388,-0.4667,-0.0889,0.0111,958.02,-5,4.05,7.5556,0.7411
2,P,C,DCLNPTSQL,0.33249044,MS non-inducer,0.2222,-1.2487,-0.3889,-0.1444,-0.0256,990.09,-5,4.05,8.1111,0.8
2,P,D,DDLNPTSQL,0.16445756,MS non-inducer,0.4444,-2.2377,-1.0556,0.3,-0.1578,1002.03,-6,4.05,8.1111,0.7733
2,P,E,DELNPTSQL,0.29127336,MS non-inducer,0.4444,-2.236,-1.0556,0.3,-0.14,1016.06,-6,4.05,8.4444,0.7867
2,P,F,DFLNPTSQL,0.40168747,MS non-inducer,0.2222,-1.2388,-0.3556,-0.3111,0.0744,1034.12,-5,4.05,8.7778,0.8533
2,P,G,DGLNPTSQL,0.30804038,MS non-inducer,0.3333,-1.2388,-0.7111,-0.0333,-0.0044,944.0,-5,4.05,7.3333,0.7067
2,P,H,DHLNPTSQL,0.28363115,MS non-inducer,0.4444,-1.1516,-1.0222,-0.0889,-0.1022,1024.09,-4,5.0767,8.3333,0.7956
2,P,I,DILNPTSQL,0.27449363,MS non-inducer,0.2222,-1.2388,-0.1667,-0.2333,0.0956,1000.1,-5,4.05,8.2222,0.8456
2,P,K,DKLNPTSQL,0.30414203,MS non-inducer,0.4444,-0.2398,-1.1,0.3,-0.2244,1015.12,-4,5.8357,8.5556,0.8133
2,P,L,DLLNPTSQL,0.15517019,MS non-inducer,0.2222,-1.2388,-0.2444,-0.2333,0.06,1000.1,-5,4.05,8.2222,0.8422
2,P,M,DMLNPTSQL,0.37290075,MS non-inducer,0.2222,-1.2388,-0.4556,-0.1778,0.0133,1018.14,-5,4.05,8.4444,0.8133
2,P,N,DNLNPTSQL,0.15201761,MS non-inducer,0.4444,-1.2388,-1.0556,-0.0111,-0.1444,1001.05,-6,4.05,8.1111,0.7733
2,P,Q,DQLNPTSQL,0.29153016,MS non-inducer,0.4444,-1.2388,-1.0556,-0.0111,-0.1522,1015.08,-6,4.05,8.4444,0.7933
2,P,R,DRLNPTSQL,0.3719342,MS non-inducer,0.4444,-0.2388,-1.1667,0.3,-0.3389,1043.13,-4,5.8364,8.7778,0.8189
2,P,S,DSLNPTSQL,0.34652564,MS non-inducer,0.4444,-1.2388,-0.7556,-0.0,-0.0778,974.02,-6,4.05,7.8889,0.7611
2,P,T,DTLNPTSQL,0.33351213,MS non-inducer,0.4444,-1.2388,-0.7444,-0.0778,-0.0633,988.05,-6,4.05,8.0,0.7878
2,P,V,DVLNPTSQL,0.29856396,MS non-inducer,0.2222,-1.2388,-0.2,-0.2,0.0622,986.08,-5,4.05,8.0,0.8133
2,P,W,DWLNPTSQL,0.48957014,MS non-inducer,0.2222,-1.2388,-0.7667,-0.4111,0.0322,1073.16,-4,4.05,9.5556,0.89
2,P,Y,DYLNPTSQL,0.44217616,MS non-inducer,0.2222,-1.2398,-0.8111,-0.2889,-0.0289,1050.12,-5,4.05,8.7778,0.8511
3,L,A,DPANPTSQL,0.29571527,MS non-inducer,0.3333,-1.2388,-1.0667,0.1111,-0.0933,941.98,-5,4.05,7.3333,0.6856
3,L,C,DPCNPTSQL,0.37275705,MS non-inducer,0.3333,-1.2487,-0.9889,0.0556,-0.13,974.05,-5,4.05,7.8889,0.7444
3,L,D,DPDNPTSQL,0.087433405,MS non-inducer,0.5556,-2.2377,-1.6556,0.5,-0.2622,985.99,-6,4.05,7.8889,0.7178
3,L,E,DPENPTSQL,0.33474874,MS non-inducer,0.5556,-2.236,-1.6556,0.5,-0.2444,1000.02,-6,4.05,8.2222,0.7311
3,L,F,DPFNPTSQL,0.3069397,MS non-inducer,0.3333,-1.2388,-0.9556,-0.1111,-0.03,1018.08,-5,4.05,8.5556,0.7978
3,L,G,DPGNPTSQL,0.089490086,MS non-inducer,0.4444,-1.2388,-1.3111,0.1667,-0.1089,927.95,-5,4.05,7.1111,0.6511
3,L,H,DPHNPTSQL,0.09274725,MS non-inducer,0.5556,-1.1516,-1.6222,0.1111,-0.2067,1008.04,-4,5.0767,8.1111,0.74
3,L,I,DPINPTSQL,0.50619984,MS non-inducer,0.3333,-1.2388,-0.7667,-0.0333,-0.0089,984.06,-5,4.05,8.0,0.79
3,L,K,DPKNPTSQL,0.3162195,MS non-inducer,0.5556,-0.2398,-1.7,0.5,-0.3289,999.08,-4,5.8357,8.3333,0.7578
3,L,M,DPMNPTSQL,0.38845056,MS non-inducer,0.3333,-1.2388,-1.0556,0.0222,-0.0911,1002.1,-5,4.05,8.2222,0.7578
3,L,N,DPNNPTSQL,0.309233,MS non-inducer,0.5556,-1.2388,-1.6556,0.1889,-0.2489,985.01,-6,4.05,7.8889,0.7178
3,L,P,DPPNPTSQL,0.3389728,MS non-inducer,0.4444,-1.2388,-1.4444,0.1667,-0.1489,968.02,-5,4.05,7.7778,0.7311
3,L,Q,DPQNPTSQL,0.33474874,MS non-inducer,0.5556,-1.2388,-1.6556,0.1889,-0.2567,999.03,-6,4.05,8.2222,0.7378
3,L,R,DPRNPTSQL,0.31528744,MS non-inducer,0.5556,-0.2388,-1.7667,0.5,-0.4433,1027.09,-4,5.8364,8.5556,0.7633
3,L,S,DPSNPTSQL,0.3162692,MS non-inducer,0.5556,-1.2388,-1.3556,0.2,-0.1822,957.98,-6,4.05,7.6667,0.7056
3,L,T,DPTNPTSQL,0.31632683,MS non-inducer,0.5556,-1.2388,-1.3444,0.1222,-0.1678,972.01,-6,4.05,7.7778,0.7322
3,L,V,DPVNPTSQL,0.44044018,MS non-inducer,0.3333,-1.2388,-0.8,-0.0,-0.0422,970.03,-5,4.05,7.7778,0.7578
3,L,W,DPWNPTSQL,0.41810215,MS non-inducer,0.3333,-1.2388,-1.3667,-0.2111,-0.0722,1057.11,-4,4.05,9.3333,0.8344
3,L,Y,DPYNPTSQL,0.3811177,MS non-inducer,0.3333,-1.2398,-1.4111,-0.0889,-0.1333,1034.08,-5,4.05,8.5556,0.7956
4,N,A,DPLAPTSQL,0.45464054,MS non-inducer,0.1111,-1.2388,-0.2556,-0.1111,0.1111,941.04,-4,4.05,7.4444,0.7544
4,N,C,DPLCPTSQL,0.48042446,MS non-inducer,0.1111,-1.2487,-0.1778,-0.1667,0.0744,973.1,-4,4.05,8.0,0.8133
4,N,D,DPLDPTSQL,0.38961565,MS non-inducer,0.3333,-2.2377,-0.8444,0.2778,-0.0578,985.05,-5,4.05,8.0,0.7867
4,N,E,DPLEPTSQL,0.45167008,MS non-inducer,0.3333,-2.236,-0.8444,0.2778,-0.04,999.07,-5,4.05,8.3333,0.8
4,N,F,DPLFPTSQL,0.37099022,MS non-inducer,0.1111,-1.2388,-0.1444,-0.3333,0.1744,1017.13,-4,4.05,8.6667,0.8667
4,N,G,DPLGPTSQL,0.5247789,MS non-inducer,0.2222,-1.2388,-0.5,-0.0556,0.0956,927.01,-4,4.05,7.2222,0.72
4,N,H,DPLHPTSQL,0.3800606,MS non-inducer,0.3333,-1.1516,-0.8111,-0.1111,-0.0022,1007.1,-3,5.0767,8.2222,0.8089
4,N,I,DPLIPTSQL,0.372466,MS non-inducer,0.1111,-1.2388,0.0444,-0.2556,0.1956,983.12,-4,4.05,8.1111,0.8589
4,N,K,DPLKPTSQL,0.27497944,MS non-inducer,0.3333,-0.2398,-0.8889,0.2778,-0.1244,998.13,-3,5.8357,8.4444,0.8267
4,N,L,DPLLPTSQL,0.40873486,MS non-inducer,0.1111,-1.2388,-0.0333,-0.2556,0.16,983.12,-4,4.05,8.1111,0.8556
4,N,M,DPLMPTSQL,0.44118515,MS non-inducer,0.1111,-1.2388,-0.2444,-0.2,0.1133,1001.15,-4,4.05,8.3333,0.8267
4,N,P,DPLPPTSQL,0.43649495,MS non-inducer,0.2222,-1.2388,-0.6333,-0.0556,0.0556,967.07,-4,4.05,7.8889,0.8
4,N,Q,DPLQPTSQL,0.44247475,MS non-inducer,0.3333,-1.2388,-0.8444,-0.0333,-0.0522,998.09,-5,4.05,8.3333,0.8067
4,N,R,DPLRPTSQL,0.32854867,MS non-inducer,0.3333,-0.2388,-0.9556,0.2778,-0.2389,1026.14,-3,5.8364,8.6667,0.8322
4,N,S,DPLSPTSQL,0.37701398,MS non-inducer,0.3333,-1.2388,-0.5444,-0.0222,0.0222,957.04,-5,4.05,7.7778,0.7744
4,N,T,DPLTPTSQL,0.3665886,MS non-inducer,0.3333,-1.2388,-0.5333,-0.1,0.0367,971.06,-5,4.05,7.8889,0.8011
4,N,V,DPLVPTSQL,0.3800606,MS non-inducer,0.1111,-1.2388,0.0111,-0.2222,0.1622,969.09,-4,4.05,7.8889,0.8267
4,N,W,DPLWPTSQL,0.53227866,MS non-inducer,0.1111,-1.2388,-0.5556,-0.4333,0.1322,1056.17,-3,4.05,9.4444,0.9033
4,N,Y,DPLYPTSQL,0.50799626,MS non-inducer,0.1111,-1.2398,-0.6,-0.3111,0.0711,1033.13,-4,4.05,8.6667,0.8644
5,P,A,DPLNATSQL,0.39901543,MS non-inducer,0.2222,-1.2388,-0.4667,-0.0889,0.0111,958.02,-5,4.05,7.5556,0.7411
5,P,C,DPLNCTSQL,0.45272467,MS non-inducer,0.2222,-1.2487,-0.3889,-0.1444,-0.0256,990.09,-5,4.05,8.1111,0.8
5,P,D,DPLNDTSQL,0.43097696,MS non-inducer,0.4444,-2.2377,-1.0556,0.3,-0.1578,1002.03,-6,4.05,8.1111,0.7733
5,P,E,DPLNETSQL,0.37796417,MS non-inducer,0.4444,-2.236,-1.0556,0.3,-0.14,1016.06,-6,4.05,8.4444,0.7867
5,P,F,DPLNFTSQL,0.3089288,MS non-inducer,0.2222,-1.2388,-0.3556,-0.3111,0.0744,1034.12,-5,4.05,8.7778,0.8533
5,P,G,DPLNGTSQL,0.43420708,MS non-inducer,0.3333,-1.2388,-0.7111,-0.0333,-0.0044,944.0,-5,4.05,7.3333,0.7067
5,P,H,DPLNHTSQL,0.35015678,MS non-inducer,0.4444,-1.1516,-1.0222,-0.0889,-0.1022,1024.09,-4,5.0767,8.3333,0.7956
5,P,I,DPLNITSQL,0.1320856,MS non-inducer,0.2222,-1.2388,-0.1667,-0.2333,0.0956,1000.1,-5,4.05,8.2222,0.8456
5,P,K,DPLNKTSQL,0.31085524,MS non-inducer,0.4444,-0.2398,-1.1,0.3,-0.2244,1015.12,-4,5.8357,8.5556,0.8133
5,P,L,DPLNLTSQL,0.1683323,MS non-inducer,0.2222,-1.2388,-0.2444,-0.2333,0.06,1000.1,-5,4.05,8.2222,0.8422
5,P,M,DPLNMTSQL,0.3974725,MS non-inducer,0.2222,-1.2388,-0.4556,-0.1778,0.0133,1018.14,-5,4.05,8.4444,0.8133
5,P,N,DPLNNTSQL,0.43195572,MS non-inducer,0.4444,-1.2388,-1.0556,-0.0111,-0.1444,1001.05,-6,4.05,8.1111,0.7733
5,P,Q,DPLNQTSQL,0.43092817,MS non-inducer,0.4444,-1.2388,-1.0556,-0.0111,-0.1522,1015.08,-6,4.05,8.4444,0.7933
5,P,R,DPLNRTSQL,0.28766868,MS non-inducer,0.4444,-0.2388,-1.1667,0.3,-0.3389,1043.13,-4,5.8364,8.7778,0.8189
5,P,S,DPLNSTSQL,0.4431133,MS non-inducer,0.4444,-1.2388,-0.7556,-0.0,-0.0778,974.02,-6,4.05,7.8889,0.7611
5,P,T,DPLNTTSQL,0.4194482,MS non-inducer,0.4444,-1.2388,-0.7444,-0.0778,-0.0633,988.05,-6,4.05,8.0,0.7878
5,P,V,DPLNVTSQL,0.35461128,MS non-inducer,0.2222,-1.2388,-0.2,-0.2,0.0622,986.08,-5,4.05,8.0,0.8133
5,P,W,DPLNWTSQL,0.43782344,MS non-inducer,0.2222,-1.2388,-0.7667,-0.4111,0.0322,1073.16,-4,4.05,9.5556,0.89
5,P,Y,DPLNYTSQL,0.42508298,MS non-inducer,0.2222,-1.2398,-0.8111,-0.2889,-0.0289,1050.12,-5,4.05,8.7778,0.8511
6,T,A,DPLNPASQL,0.28670076,MS non-inducer,0.1111,-1.2388,-0.5667,-0.0444,0.03,954.04,-4,4.05,7.5556,0.74
6,T,C,DPLNPCSQL,0.23076686,MS non-inducer,0.1111,-1.2487,-0.4889,-0.1,-0.0067,986.1,-4,4.05,8.1111,0.7989
6,T,D,DPLNPDSQL,0.14405824,MS non-inducer,0.3333,-2.2377,-1.1556,0.3444,-0.1389,998.04,-5,4.05,8.1111,0.7722
6,T,E,DPLNPESQL,0.1515266,MS non-inducer,0.3333,-2.236,-1.1556,0.3444,-0.1211,1012.07,-5,4.05,8.4444,0.7856
6,T,F,DPLNPFSQL,0.17156427,MS non-inducer,0.1111,-1.2388,-0.4556,-0.2667,0.0933,1030.13,-4,4.05,8.7778,0.8522
6,T,G,DPLNPGSQL,0.34268495,MS non-inducer,0.2222,-1.2388,-0.8111,0.0111,0.0144,940.01,-4,4.05,7.3333,0.7056
6,T,H,DPLNPHSQL,0.14463435,MS non-inducer,0.3333,-1.1516,-1.1222,-0.0444,-0.0833,1020.1,-3,5.0767,8.3333,0.7944
6,T,I,DPLNPISQL,0.33958772,MS non-inducer,0.1111,-1.2388,-0.2667,-0.1889,0.1144,996.12,-4,4.05,8.2222,0.8444
6,T,K,DPLNPKSQL,0.21245342,MS non-inducer,0.3333,-0.2398,-1.2,0.3444,-0.2056,1011.13,-3,5.8357,8.5556,0.8122
6,T,L,DPLNPLSQL,0.15760486,MS non-inducer,0.1111,-1.2388,-0.3444,-0.1889,0.0789,996.12,-4,4.05,8.2222,0.8411
6,T,M,DPLNPMSQL,0.103250414,MS non-inducer,0.1111,-1.2388,-0.5556,-0.1333,0.0322,1014.15,-4,4.05,8.4444,0.8122
6,T,N,DPLNPNSQL,0.21984693,MS non-inducer,0.3333,-1.2388,-1.1556,0.0333,-0.1256,997.06,-5,4.05,8.1111,0.7722
6,T,P,DPLNPPSQL,0.33227557,MS non-inducer,0.2222,-1.2388,-0.9444,0.0111,-0.0256,980.07,-4,4.05,8.0,0.7856
6,T,Q,DPLNPQSQL,0.22441866,MS non-inducer,0.3333,-1.2388,-1.1556,0.0333,-0.1333,1011.09,-5,4.05,8.4444,0.7922
6,T,R,DPLNPRSQL,0.28831494,MS non-inducer,0.3333,-0.2388,-1.2667,0.3444,-0.32,1039.14,-3,5.8364,8.7778,0.8178
6,T,S,DPLNPSSQL,0.22055696,MS non-inducer,0.3333,-1.2388,-0.8556,0.0444,-0.0589,970.03,-5,4.05,7.8889,0.76
6,T,V,DPLNPVSQL,0.3226049,MS non-inducer,0.1111,-1.2388,-0.3,-0.1556,0.0811,982.09,-4,4.05,8.0,0.8122
6,T,W,DPLNPWSQL,0.30579105,MS non-inducer,0.1111,-1.2388,-0.8667,-0.3667,0.0511,1069.17,-3,4.05,9.5556,0.8889
6,T,Y,DPLNPYSQL,0.3276569,MS non-inducer,0.1111,-1.2398,-0.9111,-0.2444,-0.01,1046.13,-4,4.05,8.7778,0.85
7,S,A,DPLNPTAQL,0.3061985,MS non-inducer,0.1111,-1.2388,-0.5556,-0.1222,0.0444,968.06,-4,4.05,7.6667,0.7667
7,S,C,DPLNPTCQL,0.34863415,MS non-inducer,0.1111,-1.2487,-0.4778,-0.1778,0.0078,1000.13,-4,4.05,8.2222,0.8256
7,S,D,DPLNPTDQL,0.18397348,MS non-inducer,0.3333,-2.2377,-1.1444,0.2667,-0.1244,1012.07,-5,4.05,8.2222,0.7989
7,S,E,DPLNPTEQL,0.25911418,MS non-inducer,0.3333,-2.236,-1.1444,0.2667,-0.1067,1026.1,-5,4.05,8.5556,0.8122
7,S,F,DPLNPTFQL,0.27908826,MS non-inducer,0.1111,-1.2388,-0.4444,-0.3444,0.1078,1044.16,-4,4.05,8.8889,0.8789
7,S,G,DPLNPTGQL,0.2381119,MS non-inducer,0.2222,-1.2388,-0.8,-0.0667,0.0289,954.04,-4,4.05,7.4444,0.7322
7,S,H,DPLNPTHQL,0.14059538,MS non-inducer,0.3333,-1.1516,-1.1111,-0.1222,-0.0689,1034.12,-3,5.0767,8.4444,0.8211
7,S,I,DPLNPTIQL,0.12405763,MS non-inducer,0.1111,-1.2388,-0.2556,-0.2667,0.1289,1010.14,-4,4.05,8.3333,0.8711
7,S,K,DPLNPTKQL,0.13335781,MS non-inducer,0.3333,-0.2398,-1.1889,0.2667,-0.1911,1025.16,-3,5.8357,8.6667,0.8389
7,S,L,DPLNPTLQL,0.26938185,MS non-inducer,0.1111,-1.2388,-0.3333,-0.2667,0.0933,1010.14,-4,4.05,8.3333,0.8678
7,S,M,DPLNPTMQL,0.2626067,MS non-inducer,0.1111,-1.2388,-0.5444,-0.2111,0.0467,1028.18,-4,4.05,8.5556,0.8389
7,S,N,DPLNPTNQL,0.27517858,MS non-inducer,0.3333,-1.2388,-1.1444,-0.0444,-0.1111,1011.09,-5,4.05,8.2222,0.7989
7,S,P,DPLNPTPQL,0.14059538,MS non-inducer,0.2222,-1.2388,-0.9333,-0.0667,-0.0111,994.1,-4,4.05,8.1111,0.8122
7,S,Q,DPLNPTQQL,0.2922213,MS non-inducer,0.3333,-1.2388,-1.1444,-0.0444,-0.1189,1025.11,-5,4.05,8.5556,0.8189
7,S,R,DPLNPTRQL,0.25177908,MS non-inducer,0.3333,-0.2388,-1.2556,0.2667,-0.3056,1053.17,-3,5.8364,8.8889,0.8444
7,S,T,DPLNPTTQL,0.27908826,MS non-inducer,0.3333,-1.2388,-0.8333,-0.1111,-0.03,998.09,-5,4.05,8.1111,0.8133
7,S,V,DPLNPTVQL,0.15405568,MS non-inducer,0.1111,-1.2388,-0.2889,-0.2333,0.0956,996.12,-4,4.05,8.1111,0.8389
7,S,W,DPLNPTWQL,0.336496,MS non-inducer,0.1111,-1.2388,-0.8556,-0.4444,0.0656,1083.19,-3,4.05,9.6667,0.9156
7,S,Y,DPLNPTYQL,0.27014166,MS non-inducer,0.1111,-1.2398,-0.9,-0.3222,0.0044,1060.16,-4,4.05,8.8889,0.8767
8,Q,A,DPLNPTSAL,0.4066954,MS non-inducer,0.1111,-1.2388,-0.2556,-0.1111,0.1189,927.01,-4,4.05,7.1111,0.7344
8,Q,C,DPLNPTSCL,0.14607273,MS non-inducer,0.1111,-1.2487,-0.1778,-0.1667,0.0822,959.07,-4,4.05,7.6667,0.7933
8,Q,D,DPLNPTSDL,0.110270806,MS non-inducer,0.3333,-2.2377,-0.8444,0.2778,-0.05,971.02,-5,4.05,7.6667,0.7667
8,Q,E,DPLNPTSEL,0.18828581,MS non-inducer,0.3333,-2.236,-0.8444,0.2778,-0.0322,985.05,-5,4.05,8.0,0.78
8,Q,F,DPLNPTSFL,0.0757994,MS non-inducer,0.1111,-1.2388,-0.1444,-0.3333,0.1822,1003.11,-4,4.05,8.3333,0.8467
8,Q,G,DPLNPTSGL,0.4040099,MS non-inducer,0.2222,-1.2388,-0.5,-0.0556,0.1033,912.98,-4,4.05,6.8889,0.7
8,Q,H,DPLNPTSHL,0.105554014,MS non-inducer,0.3333,-1.1516,-0.8111,-0.1111,0.0056,993.07,-3,5.0767,7.8889,0.7889
8,Q,I,DPLNPTSIL,0.12254195,MS non-inducer,0.1111,-1.2388,0.0444,-0.2556,0.2033,969.09,-4,4.05,7.7778,0.8389
8,Q,K,DPLNPTSKL,0.22862321,MS non-inducer,0.3333,-0.2398,-0.8889,0.2778,-0.1167,984.1,-3,5.8357,8.1111,0.8067
8,Q,L,DPLNPTSLL,0.093543276,MS non-inducer,0.1111,-1.2388,-0.0333,-0.2556,0.1678,969.09,-4,4.05,7.7778,0.8356
8,Q,M,DPLNPTSML,0.10921667,MS non-inducer,0.1111,-1.2388,-0.2444,-0.2,0.1211,987.13,-4,4.05,8.0,0.8067
8,Q,N,DPLNPTSNL,0.17221387,MS non-inducer,0.3333,-1.2388,-0.8444,-0.0333,-0.0367,970.03,-5,4.05,7.6667,0.7667
8,Q,P,DPLNPTSPL,0.19004892,MS non-inducer,0.2222,-1.2388,-0.6333,-0.0556,0.0633,953.05,-4,4.05,7.5556,0.78
8,Q,R,DPLNPTSRL,0.27908826,MS non-inducer,0.3333,-0.2388,-0.9556,0.2778,-0.2311,1012.12,-3,5.8364,8.3333,0.8122
8,Q,S,DPLNPTSSL,0.1604244,MS non-inducer,0.3333,-1.2388,-0.5444,-0.0222,0.03,943.01,-5,4.05,7.4444,0.7544
8,Q,T,DPLNPTSTL,0.26525754,MS non-inducer,0.3333,-1.2388,-0.5333,-0.1,0.0444,957.04,-5,4.05,7.5556,0.7811
8,Q,V,DPLNPTSVL,0.11407805,MS non-inducer,0.1111,-1.2388,0.0111,-0.2222,0.17,955.06,-4,4.05,7.5556,0.8067
8,Q,W,DPLNPTSWL,0.28832284,MS non-inducer,0.1111,-1.2388,-0.5556,-0.4333,0.14,1042.14,-3,4.05,9.1111,0.8833
8,Q,Y,DPLNPTSYL,0.17233238,MS non-inducer,0.1111,-1.2398,-0.6,-0.3111,0.0789,1019.11,-4,4.05,8.3333,0.8444
9,L,A,DPLNPTSQA,0.35038552,MS non-inducer,0.3333,-1.2388,-1.0667,0.1111,-0.0933,941.98,-5,4.05,7.3333,0.6856
9,L,C,DPLNPTSQC,0.28194457,MS non-inducer,0.3333,-1.2487,-0.9889,0.0556,-0.13,974.05,-5,4.05,7.8889,0.7444
9,L,D,DPLNPTSQD,0.33729136,MS non-inducer,0.5556,-2.2345,-1.6556,0.5,-0.2622,985.99,-6,4.05,7.8889,0.7178
9,L,E,DPLNPTSQE,0.33588278,MS non-inducer,0.5556,-2.2307,-1.6556,0.5,-0.2444,1000.02,-6,4.0852,8.2222,0.7311
9,L,F,DPLNPTSQF,0.15042466,MS non-inducer,0.3333,-1.2388,-0.9556,-0.1111,-0.03,1018.08,-5,4.05,8.5556,0.7978
9,L,G,DPLNPTSQG,0.40921804,MS non-inducer,0.4444,-1.2388,-1.3111,0.1667,-0.1089,927.95,-5,4.05,7.1111,0.6511
9,L,H,DPLNPTSQH,0.11801295,MS non-inducer,0.5556,-1.1516,-1.6222,0.1111,-0.2067,1008.04,-4,5.0767,8.1111,0.74
9,L,I,DPLNPTSQI,0.16811468,MS non-inducer,0.3333,-1.2388,-0.7667,-0.0333,-0.0089,984.06,-5,4.05,8.0,0.79
9,L,K,DPLNPTSQK,0.2922213,MS non-inducer,0.5556,-0.2398,-1.7,0.5,-0.3289,999.08,-4,5.8357,8.3333,0.7578
9,L,M,DPLNPTSQM,0.13846663,MS non-inducer,0.3333,-1.2388,-1.0556,0.0222,-0.0911,1002.1,-5,4.05,8.2222,0.7578
9,L,N,DPLNPTSQN,0.34779567,MS non-inducer,0.5556,-1.2388,-1.6556,0.1889,-0.2489,985.01,-6,4.05,7.8889,0.7178
9,L,P,DPLNPTSQP,0.35083196,MS non-inducer,0.4444,-1.2388,-1.4444,0.1667,-0.1489,968.02,-5,4.05,7.7778,0.7311
9,L,Q,DPLNPTSQQ,0.32049754,MS non-inducer,0.5556,-1.2388,-1.6556,0.1889,-0.2567,999.03,-6,4.05,8.2222,0.7378
9,L,R,DPLNPTSQR,0.2740934,MS non-inducer,0.5556,-0.2388,-1.7667,0.5,-0.4433,1027.09,-4,5.8364,8.5556,0.7633
9,L,S,DPLNPTSQS,0.39730152,MS non-inducer,0.5556,-1.2388,-1.3556,0.2,-0.1822,957.98,-6,4.05,7.6667,0.7056
9,L,T,DPLNPTSQT,0.39730152,MS non-inducer,0.5556,-1.2388,-1.3444,0.1222,-0.1678,972.01,-6,4.05,7.7778,0.7322
9,L,V,DPLNPTSQV,0.2080392,MS non-inducer,0.3333,-1.2388,-0.8,-0.0,-0.0422,970.03,-5,4.05,7.7778,0.7578
9,L,W,DPLNPTSQW,0.3418506,MS non-inducer,0.3333,-1.2388,-1.3667,-0.2111,-0.0722,1057.11,-4,4.05,9.3333,0.8344
9,L,Y,DPLNPTSQY,0.28270364,MS non-inducer,0.3333,-1.2398,-1.4111,-0.0889,-0.1333,1034.08,-5,4.05,8.5556,0.7956
